{
  "probe_sentence": "knock knock whos there bob",
  "words": [
    "knock",
    "knock",
    "whos",
    "there",
    "bob"
  ],
  "token_ids": [
    4223,
    4223,
    8178,
    7592,
    827
  ],
  "embedding_shape": [
    5,
    36
  ],
  "n_words": 5,
  "n_dimensions": 36,
  "embedding_values": [
    [
      -0.025466501712799072,
      0.1680299937725067,
      -0.019766516983509064,
      -0.01965409517288208,
      -0.1947471797466278,
      0.38909006118774414,
      0.022968657314777374,
      0.1979779452085495,
      -0.18574386835098267,
      -0.043519601225852966,
      -0.004957213997840881,
      0.03987729921936989,
      -0.06720980256795883,
      -0.020151294767856598,
      -0.19025057554244995,
      0.13697445392608643,
      0.025061190128326416,
      0.015838488936424255,
      0.127794548869133,
      0.16151881217956543,
      0.06828276813030243,
      0.1104990765452385,
      -0.052695080637931824,
      -0.1148684024810791,
      0.012337002903223038,
      0.03976650536060333,
      0.07673148810863495,
      -0.1291196048259735,
      -0.02646125853061676,
      -0.05112433433532715,
      0.10082908719778061,
      0.08420625329017639,
      0.1360217183828354,
      -0.215524360537529,
      -0.04298742115497589,
      -0.03289889544248581
    ],
    [
      -0.0172002911567688,
      0.20737412571907043,
      -0.02569909393787384,
      -0.03265883028507233,
      -0.18239283561706543,
      0.00989212840795517,
      0.030197784304618835,
      0.20330223441123962,
      -0.1468864381313324,
      -0.020814482122659683,
      -0.00935877114534378,
      0.04887768626213074,
      -0.07208579778671265,
      0.042040735483169556,
      -0.18286392092704773,
      0.14258787035942078,
      -0.07323285937309265,
      0.0014159083366394043,
      0.144995778799057,
      0.21959780156612396,
      0.06151439622044563,
      0.031072266399860382,
      -0.06976885348558426,
      -0.06686877459287643,
      -0.006037436425685883,
      0.04694978892803192,
      0.07909540832042694,
      -0.11091937124729156,
      0.004372730851173401,
      -0.054604530334472656,
      0.21880322694778442,
      0.1065085157752037,
      0.14444853365421295,
      -0.13924075663089752,
      -0.022253967821598053,
      -0.0821039006114006
    ],
    [
      0.06870856136083603,
      0.09836678206920624,
      -0.04174508899450302,
      0.03521810472011566,
      0.05206778645515442,
      0.033426444977521896,
      -0.02811608463525772,
      0.07644036412239075,
      -0.11684875190258026,
      -0.016540339216589928,
      0.004756297916173935,
      0.009990755468606949,
      0.02288108691573143,
      0.09229223430156708,
      -0.0016539618372917175,
      0.03259464353322983,
      -0.21567773818969727,
      0.036050453782081604,
      0.16137099266052246,
      0.04665480926632881,
      -0.00601736456155777,
      0.011317979544401169,
      -0.15150366723537445,
      -0.1572822481393814,
      0.015189692378044128,
      0.02648211270570755,
      0.06013290584087372,
      -0.11571520566940308,
      0.06418181955814362,
      -0.06211400032043457,
      0.09983879327774048,
      0.0540362112224102,
      0.1418062001466751,
      0.05792944133281708,
      0.10252206772565842,
      -0.3051511347293854
    ],
    [
      0.06852633506059647,
      -0.09132441878318787,
      0.002394050359725952,
      -0.041351038962602615,
      -0.1308637261390686,
      0.09791139513254166,
      0.011037461459636688,
      0.026215486228466034,
      0.08883252739906311,
      -0.04064774513244629,
      -0.08170357346534729,
      0.09502335637807846,
      0.047234468162059784,
      -0.054614707827568054,
      0.05956205725669861,
      -0.022186696529388428,
      -0.056978851556777954,
      -0.11905068904161453,
      0.12669864296913147,
      0.0009227246046066284,
      0.10417036712169647,
      0.00883607566356659,
      -0.08407916873693466,
      -0.08410298824310303,
      -0.011223722249269485,
      -0.009814828634262085,
      0.0277707502245903,
      0.022393910214304924,
      0.10161098837852478,
      -0.07957619428634644,
      0.01667800545692444,
      0.0507134273648262,
      0.0386296808719635,
      -0.18672993779182434,
      0.04174628481268883,
      -0.16089749336242676
    ],
    [
      0.19040510058403015,
      -0.036889538168907166,
      -0.04926574230194092,
      0.022179901599884033,
      0.1255873292684555,
      0.24251066148281097,
      -0.04986410588026047,
      -0.02618451789021492,
      -0.1522281914949417,
      -0.0527951642870903,
      -0.2132853865623474,
      -0.20745553076267242,
      -0.04001092165708542,
      -0.06426846981048584,
      0.2897910475730896,
      -0.07758042216300964,
      -0.7761660218238831,
      0.17748236656188965,
      0.03940511867403984,
      0.4131607115268707,
      -0.02305297926068306,
      -0.22012074291706085,
      -0.00866672396659851,
      -0.003451608121395111,
      -0.03176360949873924,
      0.0072039589285850525,
      -0.0661616250872612,
      -0.04275256395339966,
      0.005877703428268433,
      0.3769127130508423,
      0.10411161184310913,
      0.04013381898403168,
      -0.17608192563056946,
      0.2965962588787079,
      -0.06513861566781998,
      -0.018003221601247787
    ]
  ]
}